<?xml version="1.0" encoding="UTF-8"?>
<project-private xmlns="http://www.netbeans.org/ns/project-private/1">
    <editor-bookmarks xmlns="http://www.netbeans.org/ns/editor-bookmarks/2" lastBookmarkId="0"/>
    <open-files xmlns="http://www.netbeans.org/ns/projectui-open-files/2">
        <group>
            <file>file:/home/ali/NetBeansProjects/System%20Recommender/src/system/configurator/gui/programming/ProgrammingSeniorParallelToolsQuestionFrame.java</file>
            <file>file:/home/ali/NetBeansProjects/System%20Recommender/src/system/configurator/gui/workstation/WorkstationComputingUpgradeFrame.java</file>
            <file>file:/home/ali/NetBeansProjects/System%20Recommender/src/system/configurator/gui/programming/ProgrammingSeniorUpgradeQuestionFrame.java</file>
            <file>file:/home/ali/NetBeansProjects/System%20Recommender/src/system/configurator/gui/workstation/WorkstationMultimediaStorageQuestionFrame.java</file>
            <file>file:/home/ali/NetBeansProjects/System%20Recommender/src/system/configurator/gui/workstation/WorkstationComputingCostQuestionFrame.java</file>
            <file>file:/home/ali/NetBeansProjects/System%20Recommender/src/system/configurator/gui/programming/ProgrammingJuniorGeneralToolsQuestionFrame.java</file>
            <file>file:/home/ali/NetBeansProjects/System%20Recommender/src/system/configurator/gui/programming/ProgrammingSeniorComputationQuestionFrame.java</file>
            <file>file:/home/ali/NetBeansProjects/System%20Recommender/src/system/configurator/gui/programming/ProgrammingSeniorGeneralToolsQuestionFrame.java</file>
            <file>file:/home/ali/NetBeansProjects/System%20Recommender/src/system/configurator/gui/workstation/WorkstationMultimediaCostQuestionFrame.java</file>
            <file>file:/home/ali/NetBeansProjects/System%20Recommender/src/system/configurator/gui/programming/ProgrammingJuniorOperatingSystemQuestionFrame.java</file>
            <file>file:/home/ali/NetBeansProjects/System%20Recommender/src/system/configurator/gui/workstation/WorkstationMultimedia3DDesingFrame.java</file>
            <file>file:/home/ali/NetBeansProjects/System%20Recommender/src/system/configurator/gui/workstation/WorkstationMultimediaUpgradeQuestionFrame.java</file>
            <file>file:/home/ali/NetBeansProjects/System%20Recommender/src/system/configurator/gui/programming/ProgrammingJuniorUpgradeQuestionFrame.java</file>
            <file>file:/home/ali/NetBeansProjects/System%20Recommender/src/system/configurator/gui/programming/ProgrammingSeniorVirtualizationQuestionFrame.java</file>
            <file>file:/home/ali/NetBeansProjects/System%20Recommender/src/system/configurator/gui/workstation/WorkstationComputingQuestionFrame.java</file>
            <file>file:/home/ali/NetBeansProjects/System%20Recommender/src/system/configurator/gui/programming/ProgrammingSeniorCostQuestionFrame.java</file>
            <file>file:/home/ali/NetBeansProjects/System%20Recommender/src/system/configurator/gui/programming/ProgrammingJuniorCostQuestionFrame.java</file>
            <file>file:/home/ali/NetBeansProjects/System%20Recommender/src/system/configurator/gui/programming/ProgrammingLevelQuestionFrame.java</file>
            <file>file:/home/ali/NetBeansProjects/System%20Recommender/src/system/configurator/gui/workstation/WorkstationMultimediaScreenQuestionFrame.java</file>
            <file>file:/home/ali/NetBeansProjects/System%20Recommender/src/system/configurator/gui/workstation/WorkstationMultimediaTypeOfSoftwareQuestionFrame.java</file>
            <file>file:/home/ali/NetBeansProjects/System%20Recommender/src/system/configurator/gui/workstation/WorkstationMainUsageQuestionFrame.java</file>
            <file>file:/home/ali/NetBeansProjects/System%20Recommender/src/system/configurator/gui/workstation/WorkstationMultimediaMusicalInstrumentsConnectionFrame.java</file>
        </group>
    </open-files>
</project-private>
